StartDate,EndDate,Status,IPAddress,Progress,Duration (in seconds),Finished,RecordedDate,ResponseId,RecipientLastName,RecipientFirstName,RecipientEmail,ExternalReference,LocationLatitude,LocationLongitude,DistributionChannel,UserLanguage,Q1_1,Q2_1,Q3,Q4,Q4_1_TEXT,Q5,Q5_5_TEXT,Q6,Q6_4_TEXT,Q7,Q7_8_TEXT,Q8,Q8_5_TEXT,Q9,Q10
Start Date,End Date,Response Type,IP Address,Progress,Duration (in seconds),Finished,Recorded Date,Response ID,Recipient Last Name,Recipient First Name,Recipient Email,External Data Reference,Location Latitude,Location Longitude,Distribution Channel,User Language,"From your perspective, how important is it for DNR’s fishery management plans to emphasize shoreline angling opportunities? (1 - Not Important, 5 - Very Important) - Importance","From your perspective, how important is it to engage shoreline anglers in policymaking processes? (1 - Not Important, 5 - Very Important) - Importance","In your experience, how effective has the program been in incorporating shoreline angler perspectives into policymaking decisions?",Are you aware of any efforts to include shoreline angling opportunities or shoreline angler groups in fisheries management decisions or policies? - Selected Choice,"Are you aware of any efforts to include shoreline angling opportunities or shoreline angler groups in fisheries management decisions or policies? - Yes (If yes, please specify) - Text",What are the barriers or challenges that prevent the DNR from effectively incorporating shoreline angler perspectives into policymaking decisions? (Check all that apply) - Selected Choice,What are the barriers or challenges that prevent the DNR from effectively incorporating shoreline angler perspectives into policymaking decisions? (Check all that apply) - Other (Please specify) - Text,Are you aware of specific communication methods that have proven particularly successful in connecting with shoreline anglers? - Selected Choice,"Are you aware of specific communication methods that have proven particularly successful in connecting with shoreline anglers? - Yes (If yes, please share examples) - Text",What strategies or resources do you think the DNR should use to incorporate the perspectives of shoreline anglers into policymaking decisions? (Check all that apply) - Selected Choice,What strategies or resources do you think the DNR should use to incorporate the perspectives of shoreline anglers into policymaking decisions? (Check all that apply) - Other (Please specify) - Text,Are you aware of specific engagement initiatives or programs that have demonstrated success in incorporating shoreline angler perspectives into management decisions? - Selected Choice,Are you aware of specific engagement initiatives or programs that have demonstrated success in incorporating shoreline angler perspectives into management decisions? - Yes (Please provide an example) - Text,Optional: How can the DNR improve its communication and outreach efforts to ensure that shoreline anglers have the opportunity to provide input into fisheries management decision-making process?,"Optional: Do you have any other thoughts, suggestions, or ideas regarding shoreline angling opportunities and shoreline angler participation in the Bureau's policymaking processes?"
"{""ImportId"":""startDate"",""timeZone"":""America/Denver""}","{""ImportId"":""endDate"",""timeZone"":""America/Denver""}","{""ImportId"":""status""}","{""ImportId"":""ipAddress""}","{""ImportId"":""progress""}","{""ImportId"":""duration""}","{""ImportId"":""finished""}","{""ImportId"":""recordedDate"",""timeZone"":""America/Denver""}","{""ImportId"":""_recordId""}","{""ImportId"":""recipientLastName""}","{""ImportId"":""recipientFirstName""}","{""ImportId"":""recipientEmail""}","{""ImportId"":""externalDataReference""}","{""ImportId"":""locationLatitude""}","{""ImportId"":""locationLongitude""}","{""ImportId"":""distributionChannel""}","{""ImportId"":""userLanguage""}","{""ImportId"":""QID1_1""}","{""ImportId"":""QID2_1""}","{""ImportId"":""QID8""}","{""ImportId"":""QID3""}","{""ImportId"":""QID3_1_TEXT""}","{""ImportId"":""QID5""}","{""ImportId"":""QID5_5_TEXT""}","{""ImportId"":""QID11""}","{""ImportId"":""QID11_4_TEXT""}","{""ImportId"":""QID6""}","{""ImportId"":""QID6_8_TEXT""}","{""ImportId"":""QID10""}","{""ImportId"":""QID10_5_TEXT""}","{""ImportId"":""QID7_TEXT""}","{""ImportId"":""QID9_TEXT""}"
2023-11-17 07:41:43,2023-11-17 07:43:44,IP Address,165.189.255.59,100,120,True,2023-11-17 07:43:44,R_2EytRNl3VDkNAiv,,,,,43.1228,-89.3841,anonymous,EN,4,2,Slightly effective,No,,"Lack of knowledge of how to communicate and engage with shoreline anglers,Limited participation/engagement from shoreline anglers",,No,,"User-friendly online surveys,Partner with local community groups",,No,,,
2023-11-17 07:42:12,2023-11-17 07:44:05,IP Address,165.189.255.46,100,112,True,2023-11-17 07:44:06,R_tYurJrCU2HfeECd,,,,,43.1004,-89.2716,anonymous,EN,3,3,Slightly effective,Unsure,,"Limited participation/engagement from shoreline anglers,Lack of organizational structure among shoreline anglers",,"Yes (If yes, please share examples)",Roving creel surveys,"Host public meetings specifically for shoreline anglers,Establish a task group for shoreline anglers and shoreline angling opportunities,Partner with local community groups",,Unsure,,,
2023-11-17 07:43:05,2023-11-17 07:56:58,IP Address,165.189.255.44,100,833,True,2023-11-17 07:56:59,R_2WPfGw7fE1rkGF0,,,,,43.1004,-89.2716,anonymous,EN,4,4,Moderately effective,"Yes (If yes, please specify)","There is dedicated funding to develop shoreline opportunities and shoreline opportunities are somewhat highlighted on DNR website ","Limited knowledge of shoreline angler perspectives and interests,Lack of knowledge of how to communicate and engage with shoreline anglers,Limited participation/engagement from shoreline anglers,Lack of organizational structure among shoreline anglers",,Unsure,,"Targeted online education and outreach initiatives,Partner with local community groups",,Unsure,,,"The mapping of shore-access sites on DNR website is incomplete, it is missing a lot of sites."
2023-11-17 07:53:34,2023-11-17 07:57:38,IP Address,165.189.255.35,100,244,True,2023-11-17 07:57:39,R_xr1eQYN8XLjJRsZ,,,,,43.1004,-89.2716,anonymous,EN,3,3,Moderately effective,No,,"Lack of knowledge of how to communicate and engage with shoreline anglers,Limited participation/engagement from shoreline anglers,Lack of organizational structure among shoreline anglers",,No,,"Targeted online education and outreach initiatives,User-friendly online surveys,Partner with local community groups",,No,,When conducting creel surveys ask shoreline anglers if they would like to give contact info to be contacted to complete surveys of get information relevant to them.,We need to identify who shoreline anglers are and how to contact them.
2023-11-17 07:54:31,2023-11-17 07:59:44,IP Address,165.189.255.45,100,313,True,2023-11-17 07:59:45,R_Zq9vzFD3rUOHklj,,,,,43.1004,-89.2716,anonymous,EN,5,3,Slightly effective,"Yes (If yes, please specify)",DNR Spring Hearings are open to anyone however generally a small number of individuals participate An effort to target shoreline anglers in urban settings could potentially help,"Limited knowledge of shoreline angler perspectives and interests,Limited participation/engagement from shoreline anglers,Lack of organizational structure among shoreline anglers",,"Yes (If yes, please share examples)",It seems social media is how everyone communicates these days...but perhaps a boots on the ground approach might work also.,"Targeted online education and outreach initiatives,Host public meetings specifically for shoreline anglers,User-friendly online surveys,Establish a task group for shoreline anglers and shoreline angling opportunities,Partner with local community groups",,No,,Dedicate more staff and staff time to this effort.,no
2023-11-17 07:53:05,2023-11-17 08:00:22,IP Address,165.189.255.35,100,437,True,2023-11-17 08:00:23,R_r1mrFsqQoAuekWR,,,,,43.1004,-89.2716,anonymous,EN,4,3,Moderately effective,Unsure,,"Lack of knowledge of how to communicate and engage with shoreline anglers,Limited participation/engagement from shoreline anglers,Lack of organizational structure among shoreline anglers",,Unsure,,"Targeted online education and outreach initiatives,Host public meetings specifically for shoreline anglers,Partner with local community groups",,Yes (Please provide an example),WCC/NRB meetings. Shoreline anglers have the same opportunities as other user groups.,,"Policymaking needs to be defined. The shoreline anglers have the same opportunity to attend WCC/NRB/other meetings as everyone else. They need to show initiative.  "
2023-11-17 08:07:08,2023-11-17 08:09:38,IP Address,165.189.255.46,100,149,True,2023-11-17 08:09:38,R_1I4TpHLi4eD6is2,,,,,43.1004,-89.2716,anonymous,EN,4,5,Very effective,Unsure,,"Limited participation/engagement from shoreline anglers,Lack of organizational structure among shoreline anglers",,Unsure,,"Targeted online education and outreach initiatives,Establish a task group for shoreline anglers and shoreline angling opportunities,Partner with local community groups,Unsure",,Unsure,,,
2023-11-17 08:00:05,2023-11-17 08:11:17,IP Address,165.189.255.43,100,671,True,2023-11-17 08:11:17,R_3FVUx03IA5EhbyJ,,,,,43.1004,-89.2716,anonymous,EN,4,3,Slightly effective,"Yes (If yes, please specify)",Incorporation of shoreline angling opportunities like shore fishing stations and accessible piers into online mappers and featured in communications and Consideration of shoreline angling communities in relevancy analyses and recreational opportunity analyses like SCORP,"Limited knowledge of shoreline angler perspectives and interests,Lack of knowledge of how to communicate and engage with shoreline anglers,Lack of organizational structure among shoreline anglers,Other (Please specify)",The general challenge of incorporating the perspectives of a non dominant group  Its easy enough to respond to and incorporate perspectives of larger groups of anglers that have representation through organized groups or associations or whose views are just very dominant in the public conversation Its challenging to address those at the same time as addressing the perspectives of each less vocal or less dominant group which would certainly include shoreline anglers,No,,"User-friendly online surveys,Partner with local community groups",,Yes (Please provide an example),SCORP analyses have done a decent job.,More outreach/education to underrepresented groups about getting involved with the Wisconsin Conservation Congress,
2023-11-17 08:12:32,2023-11-17 08:20:35,IP Address,165.189.255.35,100,482,True,2023-11-17 08:20:36,R_2dSHMHJdGVMvWbV,,,,,43.1004,-89.2716,anonymous,EN,5,4,Very effective,"Yes (If yes, please specify)",I think all the decisions we make affect all anglers We could be bias toward boat anglers in some instances such as managing for trophy fisheries where access might be a problem for some,Limited participation/engagement from shoreline anglers,,"Yes (If yes, please share examples)","We have in many cases highlighted shoreline opportunities during outreach especially for opening day.  Such as for the stocked trout fisheries, one of our best examples of shore fishing success.","Targeted online education and outreach initiatives,User-friendly online surveys",,Yes (Please provide an example),The Lake Michigan angler survey by Nick Legler and the 2021 Winnebago spearer surveys targeted all spearers.,"Ensure we note these at every opportunity, annual fishing report etc, opening day outreach, facebook QnAs. ",support the WCC hearings and take input there.
2023-11-17 07:59:29,2023-11-17 08:27:09,IP Address,165.189.255.35,100,1659,True,2023-11-17 08:27:09,R_0DqDml59W0KvX6V,,,,,43.1004,-89.2716,anonymous,EN,4,4,Moderately effective,"Yes (If yes, please specify)",Creel surveys with angler preference questions solicit feedback from shoreline anglers Recent creel surveys on Lake Wisconsin Lower Wisconsin River and Devils Lake all made sure that shoreline anglers were interviewed That feedback goes into making management decisions  Mail surveys of all license buyers should also be randomly including anglers who fish from shore Shoreline anglers may also participate in public meetings or hearings The Yahara Fishing club in Madison produces an informational pamphlet on public and accessible shore fishing locations in the Madison area,"Limited knowledge of shoreline angler perspectives and interests,Lack of knowledge of how to communicate and engage with shoreline anglers,Limited participation/engagement from shoreline anglers,Lack of organizational structure among shoreline anglers,Other (Please specify)",Publicly accessible shoreline anglers are more likely to represent lower socio economic groups than anglers who can afford boats or private access This can also correlate with minority groups Often times this also means they are less likely to participate in public venues or receive targeted information,Unsure,,"Establish a task group for shoreline anglers and shoreline angling opportunities,Partner with local community groups,Unsure",,Yes (Please provide an example),Creel Surveys with angler preference questions.,Appropriate signage and information displayed in high use publicly accessible shoreline areas.  Use QR codes and prompts to direct anglers to resources on the web.,
2023-11-17 08:30:33,2023-11-17 08:31:43,IP Address,165.189.255.43,100,70,True,2023-11-17 08:31:43,R_3IX0ZnmIbYNPWYf,,,,,43.1004,-89.2716,anonymous,EN,4,4,Moderately effective,No,,Limited participation/engagement from shoreline anglers,,No,,User-friendly online surveys,,No,,,
2023-11-17 08:32:48,2023-11-17 08:35:18,IP Address,165.189.255.46,100,150,True,2023-11-17 08:35:18,R_3LhAUXr4yAyRuQi,,,,,43.1004,-89.2716,anonymous,EN,4,4,Very effective,Unsure,,Lack of organizational structure among shoreline anglers,,No,,"Establish a task group for shoreline anglers and shoreline angling opportunities,Partner with local community groups",,Unsure,,,
2023-11-17 08:36:13,2023-11-17 08:37:53,IP Address,165.189.255.43,100,99,True,2023-11-17 08:37:53,R_29uAD8s5AkPKQLZ,,,,,43.1004,-89.2716,anonymous,EN,5,5,Very effective,Unsure,,"Limited participation/engagement from shoreline anglers,Lack of organizational structure among shoreline anglers",,No,,"Targeted online education and outreach initiatives,Partner with local community groups",,No,,,
2023-11-17 08:25:30,2023-11-17 08:44:26,IP Address,165.189.255.43,100,1136,True,2023-11-17 08:44:26,R_2AEelVWw8UXsSoH,,,,,43.1004,-89.2716,anonymous,EN,4,4,Moderately effective,"Yes (If yes, please specify)","Public hearings & meetings, Beaver Summits, Brule River stakeholder meetings.",Lack of organizational structure among shoreline anglers,,"Yes (If yes, please share examples)",Online and Creel surveys.,"Targeted online education and outreach initiatives,Host public meetings specifically for shoreline anglers,User-friendly online surveys,Partner with local community groups",,No,,,
2023-11-17 08:48:29,2023-11-17 08:56:50,IP Address,165.189.255.44,100,500,True,2023-11-17 08:56:50,R_V53r6cWMZApBz7r,,,,,43.1004,-89.2716,anonymous,EN,3,3,Slightly effective,"Yes (If yes, please specify)","I would say in general that we dont have much of an effort. Except up here in my area there is alot of trout angling, I would say 90% of trout anglers fish from the shoreline or wade. We spend alot of time communicating with trout angling groups. So from a trout perspective, we have this covered pretty well. But from a warm water standpoint we do not.","Lack of knowledge of how to communicate and engage with shoreline anglers,Lack of organizational structure among shoreline anglers,Other (Please specify)","My answers are in regard to warm water shoreline anglers. I think a major barrier for warm water shoreline angler decisions is the lack of funding in the program, if we had the money to buy more warmwater shoreline property and the staff to maintain trails and piers, etc. then we could set up kiosks or do a better targetted approach to getting warmwater shoreline anglers perspectives.","Yes (If yes, please share examples)","We do a good job of engaging our shoreline trout anglers. We have communications through TU chapters, have public meetings about the management of the property around some of our larger rivers.","User-friendly online surveys,Partner with local community groups",,Yes (Please provide an example),"We do opening weekend trout creel surveys where we drive around and interview anglers and make counts. This has been a good way to gather input from these anglers. We also do remote creel surveys using trail cameras and kiosks at our stocked trout waters, this has allowed anglers to give input on the questionairres they fill out.",,
2023-11-17 09:15:29,2023-11-17 09:21:24,IP Address,165.189.255.46,100,354,True,2023-11-17 09:21:24,R_1I6N1FE9BUKPDcn,,,,,43.1004,-89.2716,anonymous,EN,5,5,Not effective at all,"Yes (If yes, please specify)","DNR FM has attempted to conduct angler creel and angler preference surveys in urban areas and other places outside of the Ceded territory in recent years. However, these efforts have had mixed results and hamstrung by staff vacancy issues and funding shortfalls.","Lack of organizational structure among shoreline anglers,Other (Please specify)","staff vacancies
funding cuts
lack of position authority to create new positions in other areas of needed work","Yes (If yes, please share examples)","in-person angler creel surveys and angler preference surveys ","Host public meetings specifically for shoreline anglers,User-friendly online surveys,Establish a task group for shoreline anglers and shoreline angling opportunities,Partner with local community groups",,No,,"DNR needs to reach out to these shore anglers instead of only listening to the loudest, most well-funded, and well organized angler groups","DNR needs to reach out to this community more intentionally and in different ways than standard communication pathways. These groups are often underserved in other areas of society and DNR doesn't reach these folks enough, or effectively even though every urban area has lots of shore anglers in WI, we don't even have a way to quantify the # of shore anglers across the state to understand the need or gaps."
2023-11-17 09:21:00,2023-11-17 09:24:43,IP Address,165.189.255.46,100,223,True,2023-11-17 09:24:44,R_1g5squ5JOLkBr1r,,,,,43.1004,-89.2716,anonymous,EN,4,4,Moderately effective,Unsure,,"Limited knowledge of shoreline angler perspectives and interests,Lack of organizational structure among shoreline anglers",,Unsure,,"Targeted online education and outreach initiatives,Host public meetings specifically for shoreline anglers,User-friendly online surveys",,Unsure,,Creel Surveys,Focus these outreach efforts on waters where shoreline fishing opportunities are abundant.
2023-11-17 09:21:05,2023-11-17 09:25:10,IP Address,165.189.255.35,100,245,True,2023-11-17 09:25:11,R_2Srv6qwTWt1kA6x,,,,,43.1004,-89.2716,anonymous,EN,4,4,Slightly effective,"Yes (If yes, please specify)","Shoreline anglers are included in creel counts in northern WI. We have been actively trying to increase shoreline opportunities by creating trails and piers. ","Limited knowledge of shoreline angler perspectives and interests,Lack of knowledge of how to communicate and engage with shoreline anglers,Limited participation/engagement from shoreline anglers,Lack of organizational structure among shoreline anglers,Other (Please specify)","Difficult to determine who is ALWAYS a shoreline angler, SOMETIMES a shoreline angler, or NEVER a shoreline angler. How is wading (trout streams) classified? It's not always a clean definition or type of person. ",Unsure,,Unsure,,No,,"Post meeting information or survey QRC codes at popular shoreline fishing spots (piers). ","Encourage staff to try shoreline fishing (if they don't commonly do it) so they can have the firsthand experience to draw from on where the opportunities and obstacles are for those types of anglers. People who exclusively fish out of boats may benefit from that exercise. "
2023-11-17 09:36:06,2023-11-17 09:42:11,IP Address,165.189.255.60,100,364,True,2023-11-17 09:42:11,R_8cRCg5wVbuOyWNH,,,,,43.1228,-89.3841,anonymous,EN,5,5,Moderately effective,Unsure,,"Lack of knowledge of how to communicate and engage with shoreline anglers,Limited participation/engagement from shoreline anglers,Lack of organizational structure among shoreline anglers",,"Yes (If yes, please share examples)","Because shore anglers rarely belong to an organized fishing club, the Lake Michigan/Green Bay creel program strives to keep creel clerks informed of upcoming meetings, public comment periods, etc. so that creel clerks can inform the shore anglers they interview.  However, this method varies widely in its effectiveness, depending on the individual creel clerk.","Targeted online education and outreach initiatives,User-friendly online surveys,Establish a task group for shoreline anglers and shoreline angling opportunities,Unsure",,No,,,
2023-11-17 09:43:04,2023-11-17 09:52:32,IP Address,165.189.255.34,100,567,True,2023-11-17 09:52:33,R_9Ft0ADJzEp1EQuZ,,,,,43.1004,-89.2716,anonymous,EN,4,4,Slightly effective,Unsure,,"Lack of knowledge of how to communicate and engage with shoreline anglers,Limited participation/engagement from shoreline anglers,Lack of organizational structure among shoreline anglers,Other (Please specify)","Staff level, time and program funding (the usuals)",Unsure,,"Targeted online education and outreach initiatives,User-friendly online surveys,Establish a task group for shoreline anglers and shoreline angling opportunities,Partner with local community groups",,Unsure,,,recognize river and streambank anglers as a relevant part of this group
2023-11-17 09:04:09,2023-11-17 10:27:53,IP Address,165.189.255.44,100,5023,True,2023-11-17 10:27:54,R_7PTdO5IqUcCWKA1,,,,,43.1004,-89.2716,anonymous,EN,5,5,Slightly effective,"Yes (If yes, please specify)","Shoreline and tributary opportunities are included in the Lake Michigan Fisheries Plan and these anglers were engaged in the development of the plan; Lake Michigan Fisheries Forum has tributary representatives; Great Lakes creel surveys include surveying shore, pier, and tributary fisheries.  I believe shore angler opportunities are part of the Fisheries Strategic Plan.  The GB and LM fishing report includes shore opportunities and shore fishing opportunities are mapped in online pdfs for Lake Michigan and Green Bay.  The Urban Fishing program/ponds are geared toward shore fishing as are many other unofficial ponds/urban waters that are managed specifically for shore opportunities.  Staff are regularly engaged with communities, US Forest Service, local municipalities, State Parks, and clubs in developing and maintaining shoreline fishing opportunities.  Much of the trout habitat program is designed to improve shore fishing or wade fishing along trout streams.  We have many opportunities for trout and warmwater species on Fisheries owned properties. We have many shoreline fishing opportunities adn management actions to maintain and improve shoreline fishing; however, it has been as struggle to engage these anglers in participating in management decisions and to provide feedback and input into decision making.","Limited knowledge of shoreline angler perspectives and interests,Lack of knowledge of how to communicate and engage with shoreline anglers,Limited participation/engagement from shoreline anglers,Lack of organizational structure among shoreline anglers,Other (Please specify)",1.Cultural and language barriers--There is a component of shore anglers who do not speak English and are of various specific ethnic groups who traditionally are not engaged with DNR.  2.  A lot of attention for shore anglers is focused on large urban communities while smaller communities and rural areas do not receive as much attention for shoreline fishing opportunities.,"Yes (If yes, please share examples)","Communication through creel interviews.  Signage at fishing locations.  Online fishing reports. 
 Social media post.  Observations by encouraging DNR staff to visit shore fishing locations to observed fishing activity.  ","Targeted online education and outreach initiatives,User-friendly online surveys,Partner with local community groups,Other (Please specify)",Direct outreach through creel programs or directly engaging shore anglers during popular fishing times.  Signage or voluntary surveys at fishing access locations.,Yes (Please provide an example),"Creel surveys, communications & partnerships with communities and NGO's","Better shoreline fishing location mapping. Further shoreline access development (e.g., more fishing piers).  Better use creel to obtain social economic data and angler opinions.","Better meld DEI and environmental justice goals with shoreline opportunity goals.  Many of these goals are complementary but we are not skilled or comfortable in speaking in these terms.  "
2023-11-17 10:29:14,2023-11-17 10:31:10,IP Address,165.189.255.59,100,116,True,2023-11-17 10:31:11,R_25u9Q0LnXGjyaDa,,,,,43.1228,-89.3841,anonymous,EN,3,3,Slightly effective,Unsure,,Lack of organizational structure among shoreline anglers,,Unsure,,"Targeted online education and outreach initiatives,User-friendly online surveys",,Unsure,,,
2023-11-17 12:22:29,2023-11-17 12:32:11,IP Address,165.189.255.43,100,581,True,2023-11-17 12:32:11,R_2scoFW7yi3uKbBP,,,,,43.1004,-89.2716,anonymous,EN,4,4,Slightly effective,No,,"Limited knowledge of shoreline angler perspectives and interests,Lack of knowledge of how to communicate and engage with shoreline anglers",,No,,"Targeted online education and outreach initiatives,Partner with local community groups,Unsure",,No,,"I think we have to go to them and not expect them to come to us. In other words, DNR staff on the landscape seeking out shore angler perspectives. ",
2023-11-17 12:41:35,2023-11-17 12:48:30,IP Address,165.189.255.46,100,414,True,2023-11-17 12:48:31,R_3eFYTidZ5tvZJ2F,,,,,43.1004,-89.2716,anonymous,EN,5,5,Moderately effective,"Yes (If yes, please specify)","Shore angling for walleyes is very popular in tributaries to Green Bay in the spring. The minimum length limit is 15 inches to allow for harvest of one walleye per day by shore anglers. Each year, staff receive multiple requests to raise the minimum length limit during spring spawning walleye runs, but we have always maintained that these runs provide a unique harvest opportunity for shore anglers so we don't intend to raise the minimum length limit for this fishery.  ","Lack of knowledge of how to communicate and engage with shoreline anglers,Lack of organizational structure among shoreline anglers",,No,,"Host public meetings specifically for shoreline anglers,Establish a task group for shoreline anglers and shoreline angling opportunities,Partner with local community groups",,Yes (Please provide an example),"There is a Team USA street fishing team that competes in the street fishing world championships. All of the fishing in these events must be done from shore. This organization does a lot to promote shore fishing opportunities and is an organization that can share perspectives of shore anglers.  ",,
2023-11-17 13:46:22,2023-11-17 13:50:00,IP Address,165.225.216.174,100,218,True,2023-11-17 13:50:01,R_1PUGPC4U3DsP426,,,,,32.7797,-96.8022,anonymous,EN,4,4,Slightly effective,No,,Other (Please specify),"Members of sportsman's clubs/others that are more invested in the sport seem to be more involved. ",No,,Unsure,,No,,,
2023-11-18 05:46:21,2023-11-18 06:21:42,IP Address,165.189.255.44,100,2121,True,2023-11-18 06:21:43,R_2ALPhGZNa1kpaK7,,,,,43.1004,-89.2716,anonymous,EN,5,5,Moderately effective,"Yes (If yes, please specify)","Trout creel surveys and lake creel surveys that have shoreline fishing opportunities.  Those are direct ways to communicate with shoreline anglers.  Some waterbodies have limited shoreline fishing opportunities, if there is a specific meeting regarding that lake all anglers are welcome to join.  If there are efforts just focusing on shoreline fishing opportunities from a statewide level I  know there is some work in central office and work to get more streambank protection easements or fee lands.","Limited participation/engagement from shoreline anglers,Lack of organizational structure among shoreline anglers,Other (Please specify)","I guess you have to define what policy you're talking about. At meetings, I don't ask those who attend if they shoreline fish or if they fish from a boat (for lake meetings).  Trout meetings, everyone uses SBEs whether to access the water to fish in the water or to fish from shore.  I don't ask who does what.  Public turnout is overall low in my opinion at meetings.  The Master Planning Meeting for the ecoregions I was involved with was low and no angler attended to talk about shoreline fishing.  Not many anglers attended.  Even when we had in-person WCC spring meetings the attendance was dropping.  I think from my perspective when I work locally with cities, towns, villages, lake groups were always looking for opportunities to add ADA fishing piers or docks for more fishing opportunities.  Using SFR, ARDC, etc. for grants.  When we manage SBEs or acquire more SBEs or land we're always thinking about all anglers.","Yes (If yes, please share examples)",Karl always asks the biologists for shoreline fishing opportunities in our areas for the webpage or Facebook posts before the fishing opener.,"Establish a task group for shoreline anglers and shoreline angling opportunities,Partner with local community groups,Other (Please specify)",Creel surveys,Unsure,,"I think the department should identify what policy-making processes (define those) they could do better to specifically engage shoreline anglers.  Then build a plan to engage shoreline angler, etc.",
2023-11-20 06:47:14,2023-11-20 06:49:53,IP Address,165.189.255.61,100,159,True,2023-11-20 06:49:54,R_3KHrdH1kP8kZwu9,,,,,43.1228,-89.3841,anonymous,EN,4,4,Not effective at all,"Yes (If yes, please specify)","Stocking of nearshore strains of rainbow, brown and brook trout
Stakeholder meetings
Club Meetings","Limited participation/engagement from shoreline anglers,Lack of organizational structure among shoreline anglers",,No,,"Targeted online education and outreach initiatives,Host public meetings specifically for shoreline anglers,Establish a task group for shoreline anglers and shoreline angling opportunities,Partner with local community groups",,No,,,
2023-11-20 06:25:28,2023-11-20 07:10:02,IP Address,165.189.255.44,100,2673,True,2023-11-20 07:10:02,R_30nGFkLRDavQ3BU,,,,,43.1004,-89.2716,anonymous,EN,4,5,Slightly effective,"Yes (If yes, please specify)","Species management plans, angler mail surveys, Wisconsin Conservation Congress spring hearings, creel surveys, outreach events",Other (Please specify),"I am not aware of any barriers, probably the same barriers we face with off shore anglers.","Yes (If yes, please share examples)","I often connect with a variety of anglers during outreach events such as sport shows, state fair conservation congress. This is an informal process, but it provides local feedback from all anglers for management purposes.","Targeted online education and outreach initiatives,Host public meetings specifically for shoreline anglers,User-friendly online surveys,Establish a task group for shoreline anglers and shoreline angling opportunities,Partner with local community groups,Unsure,Other (Please specify)","Public meetings are typically under attended with minimal feedback, however these can be implemented virtually which has possibly improved participation.",Yes (Please provide an example),"We established a ""Stakeholder Engagement Team"" which provides  structure on how to best implement outreach efforts and incorporate feedback into management decisions. The recent Walleye management plan incorporated shore anglers' views.","recover 20+ fisheries positions, we simply do not have enough people to effectively work with all our stakeholders. ","reduce fish stocking, move positions from fish culture to fish management, utilize positions to implement additional outreach efforts. Collaborate with R3 program to obtain angler feedback. "
2023-11-20 07:42:19,2023-11-20 07:47:19,IP Address,165.189.255.43,100,299,True,2023-11-20 07:47:20,R_1pPT74CXSENRCfG,,,,,43.1004,-89.2716,anonymous,EN,4,3,Slightly effective,Unsure,,"Limited knowledge of shoreline angler perspectives and interests,Lack of knowledge of how to communicate and engage with shoreline anglers,Limited participation/engagement from shoreline anglers,Lack of organizational structure among shoreline anglers",,No,,"Targeted online education and outreach initiatives,Host public meetings specifically for shoreline anglers,User-friendly online surveys,Establish a task group for shoreline anglers and shoreline angling opportunities",,No,,"Better tools for helping the average person identify where shore fishing opportunities exist, especially QUALITY opportunities.  People need an easier way to find out where the good and SAFE shorefishing opportunities are.","We need to do more to increase the number of good, safe shorefishing spots along our waters, with lakes and larger rivers getting much of the focus.  We do great at offering trout fishing opportunities along streams.  Lakes and rivers is where we fall short."
2023-11-20 10:22:58,2023-11-20 10:54:37,IP Address,165.189.255.34,100,1899,True,2023-11-20 10:54:38,R_2uKySiW323r4is8,,,,,43.1004,-89.2716,anonymous,EN,3,3,Moderately effective,"Yes (If yes, please specify)",Shoreline anglers are members of other clubs such as Trout Unlimited and Rod and Gun Clubs,"Lack of knowledge of how to communicate and engage with shoreline anglers,Lack of organizational structure among shoreline anglers",,No,,User-friendly online surveys,,No,,,"In rural WI, shoreline anglers are part of other angling groups and likely make up a small proportion of the angling public. In my management area, I don't see a need to single out this small user group to make policy decisions. In urban areas, where there are more shoreline anglers it is logical to reach out to them prior to making policy changes.  "
2023-11-21 06:58:39,2023-11-21 07:03:39,IP Address,165.189.255.59,100,300,True,2023-11-21 07:03:40,R_2zcGpucGjOunQBb,,,,,43.1228,-89.3841,anonymous,EN,4,4,Moderately effective,"Yes (If yes, please specify)","Stakeholder meetings include shoreline angler groups, we also attend angler group meetings in the winter which often include shore anglers","Limited participation/engagement from shoreline anglers,Lack of organizational structure among shoreline anglers,Other (Please specify)","There may be a high number of shoreline anglers but in general, they are less vocal than boat anglers.",No,,Unsure,,Yes (Please provide an example),"Our stakeholder meetings attract some shoreline anglers. Since we have been posting those meetings online and asking for emailed comments we have seen more input from shoreline anglers. ",,
2023-11-21 10:53:31,2023-11-21 10:55:36,IP Address,165.189.255.44,100,125,True,2023-11-21 10:55:37,R_DMjf0suTrMdsPXX,,,,,43.1004,-89.2716,anonymous,EN,5,2,Slightly effective,No,,"Lack of knowledge of how to communicate and engage with shoreline anglers,Limited participation/engagement from shoreline anglers,Lack of organizational structure among shoreline anglers",,No,,"Targeted online education and outreach initiatives,User-friendly online surveys,Partner with local community groups",,No,,,
2023-11-21 12:08:18,2023-11-21 12:19:56,IP Address,165.189.255.46,100,698,True,2023-11-21 12:19:57,R_3FJ5OST07atzkVj,,,,,43.0725,-89.4491,anonymous,EN,4,4,Very effective,"Yes (If yes, please specify)","Inland trout anglers are nearly all shoreline anglers. Trout Unlimited is a group we frequently collaborate with. If trout fishing is considered shoreline angling (which I think it is), then shoreline angling is by far the most common type of angling in the area I cover (i.e., non-Miss R. waterbodies in Monroe, Vernon, La Crosse and Crawford Counties).  ","Lack of knowledge of how to communicate and engage with shoreline anglers,Other (Please specify)","Again, if we are considering trout anglers shoreline anglers, than, from my perspective, I think we do a pretty good job.","Yes (If yes, please share examples)","Streamside electrofishing demonstrations, engaging anglers on the stream while engaged in field work, attending TU meetings and sharing information with them. Being an active stream angler and part of the local angling community also helps.","Unsure,Other (Please specify)","You might need to specify if you are considering trout anglers shoreline anglers or not, because including them or excluding them would change my response.",Unsure,,,
2023-11-21 15:36:05,2023-11-21 15:38:54,IP Address,165.189.255.34,100,169,True,2023-11-21 15:38:54,R_2ePXJpYKLze162F,,,,,43.0725,-89.4491,anonymous,EN,4,4,Slightly effective,Unsure,,"Limited knowledge of shoreline angler perspectives and interests,Lack of knowledge of how to communicate and engage with shoreline anglers,Limited participation/engagement from shoreline anglers,Lack of organizational structure among shoreline anglers",,No,,"Targeted online education and outreach initiatives,User-friendly online surveys,Establish a task group for shoreline anglers and shoreline angling opportunities,Partner with local community groups",,Unsure,,,
2023-11-24 14:32:05,2023-11-24 14:49:53,IP Address,165.189.255.45,100,1068,True,2023-11-24 14:49:54,R_ddogVkCOltMzrTX,,,,,43.0725,-89.4491,anonymous,EN,3,3,Moderately effective,"Yes (If yes, please specify)","Statewide boat and shorefishing access mapping application.  In the COVID pandemic shorefishing opportunities for ""Fish Near Home"" were compiled, but not released (as I recall).","Limited knowledge of shoreline angler perspectives and interests,Lack of knowledge of how to communicate and engage with shoreline anglers,Limited participation/engagement from shoreline anglers,Lack of organizational structure among shoreline anglers,Other (Please specify)","Valid assumption that managing sportfish populations and public access according to the preferences of anglers in general will include the subset of anglers who fish from shore. ","Yes (If yes, please share examples)",Signage and feedback opportunities at developed and undeveloped shorefishing access points.,"Targeted online education and outreach initiatives,Unsure",,No,,,No.  Questions from anglers about shorefishing and shorefishing access represent a very small percentage of the inquiries that I answer each year in northern Wisconsin.
2023-11-27 06:27:43,2023-11-27 06:28:44,IP Address,165.189.255.59,100,61,True,2023-11-27 06:28:45,R_1rf4lr6w62sANb6,,,,,43.1228,-89.3841,anonymous,EN,5,5,Not effective at all,Unsure,,"Limited participation/engagement from shoreline anglers,Lack of organizational structure among shoreline anglers",,Unsure,,"User-friendly online surveys,Establish a task group for shoreline anglers and shoreline angling opportunities,Partner with local community groups",,Unsure,,,
2023-11-27 06:33:03,2023-11-27 06:38:02,IP Address,165.189.255.35,100,299,True,2023-11-27 06:38:02,R_22Q4XzLOABm0SKk,,,,,43.0725,-89.4491,anonymous,EN,5,5,Very effective,"Yes (If yes, please specify)",Trout angling groups such as Trout Unlimited are great partners and play a large role in management decisions in the driftless area.,Limited knowledge of shoreline angler perspectives and interests,,"Yes (If yes, please share examples)",Local meetings with stakeholder groups such as Trout Unlimited and Sportsmen Clubs,"Targeted online education and outreach initiatives,User-friendly online surveys,Partner with local community groups",,Unsure,,,
2023-11-27 06:41:37,2023-11-27 06:48:30,IP Address,165.189.255.46,100,412,True,2023-11-27 06:48:31,R_1LG8OBiFqbJ9Uox,,,,,43.0725,-89.4491,anonymous,EN,3,5,Moderately effective,"Yes (If yes, please specify)","When making Lake Michigan management/stocking decisions, we solicit input from all stakeholders including shoreline anglers and angler groups.",Other (Please specify),Lack of shoreline fishing and shoreline angler specific/directed conversations,Unsure,,"Targeted online education and outreach initiatives,Partner with local community groups",,Unsure,,,
2023-11-27 06:55:43,2023-11-27 07:17:29,IP Address,165.189.255.44,100,1306,True,2023-11-27 07:17:30,R_1jwwKXU46W01uFy,,,,,43.0725,-89.4491,anonymous,EN,3,3,Slightly effective,"Yes (If yes, please specify)",Reporting fishing shoreline fishing access points in the new fishing app and within the current surface water data viewer. Creel surveys occur target all anglers but focuses on boat launches and may miss some shoreline areas when getting catch information. Some bus route trout creels occur that likely intercept shore anglers.,"Lack of knowledge of how to communicate and engage with shoreline anglers,Lack of organizational structure among shoreline anglers,Other (Please specify)","The barrier seems more of how to effectively engage and communicate. Fisheries management engages with the angling community in a number of ways such as online posts and reports, creel surveys, in person meetings. What is an effective way that accurately represents and engages the shoreline angling group is unknown.",Unsure,,Unsure,,Unsure,,,"Having an understanding of what proportion of the angling community shoreline anglers represent within the entire angling community and the various angling strata (great lakes, rivers, streams, inland lakes) would be useful. This also may be geographically distinct. Maybe shoreline is more important for the great lakes areas and trout streams vs inland lakes."
2023-11-27 10:48:29,2023-11-27 10:55:10,IP Address,165.189.255.34,100,400,True,2023-11-27 10:55:10,R_1P8mMzj7a027QNG,,,,,43.0725,-89.4491,anonymous,EN,4,4,Moderately effective,"Yes (If yes, please specify)","Normal rules making processes and normal stocking decision processes; Pier planning and grants processes, etc.;  Creel surveys, etc.",Other (Please specify),This is a biased question - I don't feel that there are barriers or extra challenges;  Most shore anglers also fish from boats and vice-versa,"Yes (If yes, please share examples)",Creel surveys,"User-friendly online surveys,Other (Please specify)",Nothing special needs to be done - they are already adequately represented and heard from,Yes (Please provide an example),Creel surveys and normal rule and decision making processes,They are already adequately represented,They are adequately represented
2023-11-29 06:42:57,2023-11-29 06:56:47,IP Address,165.189.255.35,100,829,True,2023-11-29 06:56:47,R_2XhxvfkgZDeVqZ9,,,,,43.0725,-89.4491,anonymous,EN,4,3,Slightly effective,Unsure,,"Limited knowledge of shoreline angler perspectives and interests,Lack of knowledge of how to communicate and engage with shoreline anglers,Limited participation/engagement from shoreline anglers,Other (Please specify)",Popularity of boating; Strength of boating industry lobby,No,,"Targeted online education and outreach initiatives,Host public meetings specifically for shoreline anglers,Partner with local community groups,Other (Please specify)","Outreach to municipal and county governments who could promote shoreline opportunities more effectively at the municipal and county levels. Hire multi-lingual staff to improve communication and translation between and among non-English-speaking shoreline anglers. ",No,,,
2023-11-30 13:20:12,2023-11-30 13:22:48,IP Address,165.189.255.46,100,155,True,2023-11-30 13:22:49,R_2Eiq0bfzwpvd8gO,,,,,43.0725,-89.4491,anonymous,EN,5,5,Not effective at all,No,,"Limited knowledge of shoreline angler perspectives and interests,Lack of knowledge of how to communicate and engage with shoreline anglers,Lack of organizational structure among shoreline anglers",,No,,"Targeted online education and outreach initiatives,User-friendly online surveys,Other (Please specify)",Communication of participation opportunities through signage at shoreline congregation areas,No,,,"The program has a poor track record of development of QUALITY shoreline angling opportunities has "
2023-11-30 13:46:22,2023-11-30 13:51:31,IP Address,165.189.255.46,100,308,True,2023-11-30 13:51:31,R_2a8rmRR7Dkk98ML,,,,,43.0725,-89.4491,anonymous,EN,5,3,Slightly effective,Unsure,,Limited participation/engagement from shoreline anglers,,Unsure,,"Targeted online education and outreach initiatives,Establish a task group for shoreline anglers and shoreline angling opportunities,Partner with local community groups",,Unsure,,,
2023-12-05 13:24:56,2023-12-05 13:39:31,IP Address,165.189.255.43,100,875,True,2023-12-05 13:39:32,R_22VbjaCfnwe1OfB,,,,,43.0725,-89.4491,anonymous,EN,4,4,Slightly effective,"Yes (If yes, please specify)","From my experience, we do not preferentially target any one particular angler group in fisheries management discussions. ","Limited participation/engagement from shoreline anglers,Lack of organizational structure among shoreline anglers",,No,,"User-friendly online surveys,Partner with local community groups",,No,,better target communication/inclusion in management discussions/meetings,
